customer_id,first_name,last_name,state
1,Pooja,Verma,Bihar
2,Anjali,Joshi,Telangana
3,Pooja,Kapoor,Bihar
4,Vikram,Joshi,Maharashtra
5,Pooja,Verma,Gujarat
6,Kavya,Patel,Gujarat
7,Pooja,Joshi,Telangana
8,Neha,Kapoor,Uttar Pradesh
9,Kavya,Joshi,Kerala
10,Sneha,Yadav,Delhi
11,Pooja,Mehta,Gujarat
12,Amit,Verma,Uttar Pradesh
13,Anjali,Patel,Gujarat
14,Pooja,Nair,Delhi
15,Vikram,Yadav,Karnataka
16,Anjali,Kapoor,Karnataka
17,Rahul,Sharma,Uttar Pradesh
18,Amit,Verma,Bihar
19,Neha,Nair,Telangana
20,Neha,Joshi,Gujarat
21,Rohit,Reddy,Bihar
22,Rohit,Joshi,Maharashtra
23,Rahul,Joshi,Gujarat
24,Arjun,Patel,Telangana
25,Rohit,Reddy,Maharashtra
26,Amit,Nair,Maharashtra
27,Vikram,Reddy,Bihar
28,Amit,Joshi,Karnataka
29,Vikram,Kapoor,Uttar Pradesh
30,Sneha,Mehta,Uttar Pradesh
31,Pooja,Mehta,Maharashtra
32,Kavya,Reddy,Bihar
33,Anjali,Reddy,Maharashtra
34,Kavya,Kapoor,Karnataka
35,Rohit,Joshi,Gujarat
36,Arjun,Joshi,Bihar
37,Kavya,Joshi,Delhi
38,Rahul,Reddy,Maharashtra
39,Kavya,Reddy,Telangana
40,Arjun,Mehta,Uttar Pradesh
41,Amit,Verma,Karnataka
42,Arjun,Mehta,Gujarat
43,Kavya,Joshi,Delhi
44,Amit,Joshi,Kerala
45,Pooja,Kapoor,Maharashtra
46,Anjali,Joshi,Delhi
47,Pooja,Joshi,Gujarat
48,Sneha,Mehta,Karnataka
49,Arjun,Joshi,Bihar
50,Vikram,Yadav,Uttar Pradesh
51,Sneha,Yadav,Kerala
52,Sneha,Sharma,Bihar
53,Neha,Patel,Telangana
54,Amit,Reddy,Karnataka
55,Amit,Singh,Bihar
56,Anjali,Singh,Delhi
57,Kavya,Singh,Telangana
58,Anjali,Singh,Uttar Pradesh
59,Rohit,Joshi,Gujarat
60,Kavya,Sharma,Kerala
61,Rohit,Yadav,Uttar Pradesh
62,Neha,Nair,Uttar Pradesh
63,Kavya,Verma,Karnataka
64,Rahul,Kapoor,Delhi
65,Pooja,Nair,Gujarat
66,Pooja,Reddy,Bihar
67,Arjun,Verma,Maharashtra
68,Sneha,Reddy,Maharashtra
69,Rohit,Mehta,Karnataka
70,Arjun,Kapoor,Delhi
71,Rohit,Mehta,Gujarat
72,Neha,Nair,Uttar Pradesh
73,Sneha,Verma,Karnataka
74,Sneha,Sharma,Maharashtra
75,Arjun,Verma,Karnataka
76,Rohit,Singh,Maharashtra
77,Neha,Reddy,Telangana
78,Neha,Mehta,Telangana
79,Arjun,Sharma,Uttar Pradesh
80,Neha,Sharma,Uttar Pradesh
81,Rohit,Joshi,Bihar
82,Rohit,Singh,Maharashtra
83,Arjun,Kapoor,Bihar
84,Amit,Mehta,Bihar
85,Amit,Sharma,Delhi
86,Neha,Sharma,Gujarat
87,Pooja,Reddy,Delhi
88,Anjali,Patel,Gujarat
89,Amit,Reddy,Delhi
90,Neha,Kapoor,Kerala
91,Arjun,Yadav,Telangana
92,Arjun,Nair,Kerala
93,Amit,Verma,Maharashtra
94,Anjali,Joshi,Kerala
95,Kavya,Mehta,Delhi
96,Anjali,Sharma,Telangana
97,Amit,Mehta,Maharashtra
98,Sneha,Reddy,Delhi
99,Arjun,Singh,Maharashtra
100,Arjun,Sharma,Bihar
101,Rohit,Joshi,Kerala
102,Neha,Singh,Kerala
103,Amit,Kapoor,Bihar
104,Vikram,Sharma,Uttar Pradesh
105,Amit,Sharma,Uttar Pradesh
106,Arjun,Kapoor,Kerala
107,Sneha,Joshi,Gujarat
108,Rahul,Mehta,Bihar
109,Amit,Sharma,Uttar Pradesh
110,Rohit,Kapoor,Kerala
111,Vikram,Kapoor,Bihar
112,Pooja,Verma,Delhi
113,Rohit,Kapoor,Maharashtra
114,Vikram,Patel,Bihar
115,Rohit,Yadav,Kerala
116,Amit,Joshi,Kerala
117,Kavya,Sharma,Gujarat
118,Vikram,Reddy,Uttar Pradesh
119,Neha,Kapoor,Delhi
120,Arjun,Sharma,Delhi
121,Anjali,Patel,Maharashtra
122,Arjun,Reddy,Bihar
123,Rohit,Yadav,Bihar
124,Rahul,Yadav,Maharashtra
125,Amit,Verma,Uttar Pradesh
126,Rahul,Kapoor,Gujarat
127,Neha,Kapoor,Kerala
128,Sneha,Joshi,Telangana
129,Pooja,Mehta,Kerala
130,Kavya,Patel,Kerala
131,Sneha,Kapoor,Maharashtra
132,Kavya,Mehta,Uttar Pradesh
133,Sneha,Reddy,Gujarat
134,Rohit,Singh,Gujarat
135,Rohit,Reddy,Maharashtra
136,Pooja,Mehta,Kerala
137,Arjun,Verma,Gujarat
138,Amit,Reddy,Karnataka
139,Sneha,Reddy,Kerala
140,Pooja,Sharma,Gujarat
141,Anjali,Kapoor,Kerala
142,Pooja,Singh,Maharashtra
143,Amit,Kapoor,Delhi
144,Neha,Singh,Gujarat
145,Amit,Singh,Karnataka
146,Rahul,Sharma,Maharashtra
147,Anjali,Yadav,Maharashtra
148,Pooja,Patel,Bihar
149,Pooja,Kapoor,Delhi
150,Anjali,Verma,Gujarat
151,Rahul,Verma,Maharashtra
152,Neha,Yadav,Uttar Pradesh
153,Vikram,Sharma,Gujarat
154,Sneha,Patel,Telangana
155,Vikram,Mehta,Maharashtra
156,Sneha,Reddy,Telangana
157,Sneha,Verma,Telangana
158,Arjun,Reddy,Kerala
159,Arjun,Nair,Maharashtra
160,Neha,Singh,Bihar
161,Kavya,Verma,Gujarat
162,Kavya,Mehta,Uttar Pradesh
163,Rohit,Patel,Uttar Pradesh
164,Amit,Mehta,Gujarat
165,Rahul,Joshi,Delhi
166,Sneha,Nair,Bihar
167,Arjun,Yadav,Gujarat
168,Amit,Patel,Kerala
169,Anjali,Nair,Karnataka
170,Sneha,Yadav,Bihar
171,Kavya,Reddy,Bihar
172,Neha,Patel,Telangana
173,Rahul,Joshi,Bihar
174,Pooja,Sharma,Karnataka
175,Rahul,Yadav,Uttar Pradesh
176,Rahul,Nair,Karnataka
177,Sneha,Kapoor,Maharashtra
178,Kavya,Singh,Gujarat
179,Rahul,Patel,Maharashtra
180,Sneha,Reddy,Uttar Pradesh
181,Rohit,Joshi,Maharashtra
182,Rahul,Mehta,Maharashtra
183,Pooja,Joshi,Maharashtra
184,Rohit,Verma,Maharashtra
185,Pooja,Kapoor,Uttar Pradesh
186,Neha,Singh,Gujarat
187,Anjali,Mehta,Bihar
188,Rahul,Singh,Bihar
189,Arjun,Patel,Uttar Pradesh
190,Pooja,Mehta,Maharashtra
191,Anjali,Yadav,Maharashtra
192,Arjun,Joshi,Delhi
193,Arjun,Verma,Kerala
194,Kavya,Singh,Uttar Pradesh
195,Anjali,Yadav,Karnataka
196,Amit,Reddy,Gujarat
197,Amit,Yadav,Telangana
198,Vikram,Joshi,Gujarat
199,Rohit,Reddy,Telangana
200,Amit,Verma,Karnataka
201,Amit,Joshi,Maharashtra
202,Neha,Kapoor,Uttar Pradesh
203,Arjun,Reddy,Kerala
204,Rohit,Verma,Gujarat
205,Amit,Verma,Telangana
206,Kavya,Nair,Uttar Pradesh
207,Rahul,Verma,Telangana
208,Amit,Sharma,Karnataka
209,Vikram,Sharma,Uttar Pradesh
210,Pooja,Verma,Kerala
211,Anjali,Kapoor,Uttar Pradesh
212,Vikram,Verma,Kerala
213,Sneha,Kapoor,Gujarat
214,Neha,Reddy,Gujarat
215,Rahul,Yadav,Maharashtra
216,Sneha,Joshi,Maharashtra
217,Anjali,Mehta,Telangana
218,Arjun,Joshi,Maharashtra
219,Sneha,Mehta,Karnataka
220,Anjali,Mehta,Uttar Pradesh
221,Vikram,Nair,Maharashtra
222,Amit,Reddy,Karnataka
223,Arjun,Verma,Uttar Pradesh
224,Rahul,Singh,Bihar
225,Neha,Joshi,Gujarat
226,Rohit,Patel,Uttar Pradesh
227,Anjali,Singh,Bihar
228,Vikram,Patel,Uttar Pradesh
229,Neha,Mehta,Delhi
230,Sneha,Yadav,Maharashtra
231,Rohit,Reddy,Telangana
232,Amit,Nair,Kerala
233,Sneha,Mehta,Karnataka
234,Anjali,Reddy,Telangana
235,Rohit,Yadav,Karnataka
236,Sneha,Yadav,Gujarat
237,Rahul,Yadav,Delhi
238,Arjun,Verma,Karnataka
239,Sneha,Sharma,Uttar Pradesh
240,Anjali,Sharma,Telangana
241,Neha,Sharma,Uttar Pradesh
242,Neha,Mehta,Delhi
243,Sneha,Sharma,Kerala
244,Arjun,Kapoor,Kerala
245,Rohit,Nair,Karnataka
246,Rohit,Kapoor,Delhi
247,Arjun,Nair,Karnataka
248,Arjun,Joshi,Telangana
249,Rohit,Patel,Delhi
250,Anjali,Singh,Karnataka
251,Pooja,Reddy,Kerala
252,Sneha,Yadav,Gujarat
253,Pooja,Verma,Kerala
254,Vikram,Joshi,Bihar
255,Arjun,Joshi,Delhi
256,Sneha,Yadav,Bihar
257,Rahul,Kapoor,Maharashtra
258,Rahul,Kapoor,Kerala
259,Amit,Joshi,Maharashtra
260,Anjali,Patel,Delhi
261,Amit,Sharma,Gujarat
262,Rohit,Singh,Delhi
263,Rohit,Yadav,Karnataka
264,Rahul,Joshi,Bihar
265,Arjun,Nair,Bihar
266,Pooja,Nair,Telangana
267,Amit,Joshi,Telangana
268,Kavya,Nair,Delhi
269,Anjali,Patel,Delhi
270,Sneha,Yadav,Maharashtra
271,Rohit,Verma,Gujarat
272,Vikram,Kapoor,Telangana
273,Anjali,Yadav,Maharashtra
274,Vikram,Mehta,Kerala
275,Kavya,Sharma,Gujarat
276,Kavya,Kapoor,Maharashtra
277,Pooja,Patel,Kerala
278,Arjun,Patel,Delhi
279,Kavya,Patel,Maharashtra
280,Rahul,Verma,Telangana
281,Vikram,Yadav,Telangana
282,Sneha,Patel,Karnataka
283,Arjun,Verma,Uttar Pradesh
284,Neha,Mehta,Maharashtra
285,Neha,Yadav,Telangana
286,Vikram,Kapoor,Gujarat
287,Kavya,Sharma,Kerala
288,Anjali,Sharma,Uttar Pradesh
289,Rohit,Nair,Delhi
290,Pooja,Sharma,Delhi
291,Vikram,Joshi,Delhi
292,Arjun,Kapoor,Gujarat
293,Vikram,Mehta,Uttar Pradesh
294,Anjali,Mehta,Delhi
295,Vikram,Kapoor,Delhi
296,Pooja,Patel,Gujarat
297,Kavya,Singh,Delhi
298,Vikram,Kapoor,Bihar
299,Sneha,Mehta,Bihar
300,Pooja,Joshi,Bihar
301,Amit,Kapoor,Uttar Pradesh
302,Sneha,Singh,Bihar
303,Rohit,Patel,Uttar Pradesh
304,Kavya,Patel,Bihar
305,Anjali,Joshi,Uttar Pradesh
306,Pooja,Patel,Karnataka
307,Neha,Mehta,Telangana
308,Neha,Yadav,Uttar Pradesh
309,Rahul,Nair,Delhi
310,Anjali,Kapoor,Kerala
311,Rohit,Yadav,Delhi
312,Sneha,Verma,Gujarat
313,Amit,Patel,Kerala
314,Rohit,Verma,Delhi
315,Amit,Sharma,Telangana
316,Anjali,Nair,Gujarat
317,Neha,Verma,Bihar
318,Amit,Joshi,Gujarat
319,Neha,Joshi,Kerala
320,Rahul,Yadav,Uttar Pradesh
321,Amit,Patel,Uttar Pradesh
322,Vikram,Mehta,Gujarat
323,Pooja,Reddy,Kerala
324,Rahul,Singh,Karnataka
325,Arjun,Nair,Telangana
326,Neha,Reddy,Telangana
327,Pooja,Reddy,Uttar Pradesh
328,Pooja,Joshi,Uttar Pradesh
329,Amit,Singh,Telangana
330,Pooja,Mehta,Telangana
331,Rohit,Kapoor,Delhi
332,Kavya,Joshi,Delhi
333,Rahul,Yadav,Kerala
334,Neha,Joshi,Gujarat
335,Vikram,Patel,Telangana
336,Sneha,Verma,Delhi
337,Anjali,Nair,Bihar
338,Amit,Kapoor,Delhi
339,Neha,Joshi,Bihar
340,Neha,Kapoor,Bihar
341,Rohit,Verma,Delhi
342,Amit,Reddy,Karnataka
343,Kavya,Reddy,Uttar Pradesh
344,Rohit,Reddy,Maharashtra
345,Arjun,Patel,Uttar Pradesh
346,Amit,Sharma,Uttar Pradesh
347,Neha,Sharma,Uttar Pradesh
348,Arjun,Patel,Delhi
349,Vikram,Kapoor,Delhi
350,Sneha,Mehta,Karnataka
351,Arjun,Singh,Delhi
352,Rahul,Singh,Karnataka
353,Rohit,Kapoor,Delhi
354,Amit,Joshi,Uttar Pradesh
355,Anjali,Yadav,Delhi
356,Anjali,Yadav,Karnataka
357,Rohit,Joshi,Karnataka
358,Amit,Kapoor,Telangana
359,Amit,Kapoor,Uttar Pradesh
360,Amit,Yadav,Bihar
361,Neha,Verma,Gujarat
362,Neha,Verma,Kerala
363,Kavya,Verma,Karnataka
364,Rahul,Joshi,Delhi
365,Amit,Joshi,Delhi
366,Neha,Singh,Telangana
367,Anjali,Kapoor,Uttar Pradesh
368,Sneha,Mehta,Karnataka
369,Sneha,Verma,Uttar Pradesh
370,Rohit,Nair,Delhi
371,Rahul,Patel,Telangana
372,Rohit,Reddy,Uttar Pradesh
373,Amit,Nair,Karnataka
374,Amit,Verma,Kerala
375,Vikram,Mehta,Uttar Pradesh
376,Pooja,Patel,Maharashtra
377,Pooja,Reddy,Kerala
378,Amit,Nair,Gujarat
379,Arjun,Joshi,Kerala
380,Rohit,Yadav,Gujarat
381,Arjun,Sharma,Gujarat
382,Rohit,Nair,Gujarat
383,Anjali,Nair,Maharashtra
384,Vikram,Verma,Maharashtra
385,Amit,Reddy,Karnataka
386,Rahul,Patel,Gujarat
387,Vikram,Joshi,Bihar
388,Anjali,Kapoor,Delhi
389,Arjun,Singh,Maharashtra
390,Kavya,Verma,Telangana
391,Amit,Patel,Uttar Pradesh
392,Pooja,Kapoor,Maharashtra
393,Pooja,Yadav,Karnataka
394,Anjali,Nair,Bihar
395,Vikram,Patel,Delhi
396,Arjun,Nair,Maharashtra
397,Vikram,Reddy,Delhi
398,Kavya,Joshi,Karnataka
399,Sneha,Nair,Maharashtra
400,Sneha,Yadav,Delhi
401,Rahul,Yadav,Karnataka
402,Anjali,Kapoor,Kerala
403,Rohit,Verma,Maharashtra
404,Rohit,Sharma,Kerala
405,Rohit,Sharma,Delhi
406,Pooja,Sharma,Gujarat
407,Kavya,Reddy,Gujarat
408,Rahul,Joshi,Karnataka
409,Rahul,Nair,Karnataka
410,Anjali,Singh,Kerala
411,Neha,Nair,Kerala
412,Amit,Patel,Delhi
413,Neha,Joshi,Delhi
414,Rahul,Singh,Bihar
415,Anjali,Verma,Uttar Pradesh
416,Neha,Verma,Telangana
417,Sneha,Mehta,Bihar
418,Neha,Singh,Bihar
419,Rohit,Yadav,Telangana
420,Kavya,Reddy,Delhi
421,Kavya,Reddy,Kerala
422,Rohit,Nair,Uttar Pradesh
423,Rohit,Patel,Karnataka
424,Arjun,Verma,Bihar
425,Rohit,Nair,Uttar Pradesh
426,Sneha,Verma,Maharashtra
427,Sneha,Nair,Kerala
428,Pooja,Verma,Kerala
429,Amit,Verma,Delhi
430,Pooja,Joshi,Delhi
431,Arjun,Verma,Maharashtra
432,Rohit,Patel,Uttar Pradesh
433,Anjali,Verma,Telangana
434,Sneha,Reddy,Uttar Pradesh
435,Arjun,Joshi,Maharashtra
436,Rahul,Kapoor,Karnataka
437,Rohit,Singh,Karnataka
438,Rohit,Verma,Kerala
439,Pooja,Patel,Karnataka
440,Sneha,Verma,Gujarat
441,Sneha,Singh,Uttar Pradesh
442,Arjun,Yadav,Gujarat
443,Vikram,Kapoor,Karnataka
444,Anjali,Kapoor,Maharashtra
445,Amit,Verma,Bihar
446,Anjali,Reddy,Gujarat
447,Kavya,Verma,Uttar Pradesh
448,Pooja,Joshi,Telangana
449,Amit,Mehta,Uttar Pradesh
450,Sneha,Yadav,Uttar Pradesh
451,Rahul,Nair,Delhi
452,Rahul,Singh,Telangana
453,Amit,Kapoor,Delhi
454,Anjali,Joshi,Kerala
455,Anjali,Verma,Telangana
456,Kavya,Joshi,Kerala
457,Vikram,Reddy,Telangana
458,Kavya,Reddy,Bihar
459,Sneha,Mehta,Gujarat
460,Pooja,Joshi,Bihar
461,Pooja,Joshi,Telangana
462,Vikram,Joshi,Maharashtra
463,Neha,Nair,Uttar Pradesh
464,Neha,Mehta,Telangana
465,Arjun,Kapoor,Telangana
466,Kavya,Nair,Karnataka
467,Rohit,Singh,Bihar
468,Anjali,Sharma,Telangana
469,Sneha,Verma,Bihar
470,Amit,Joshi,Karnataka
471,Anjali,Joshi,Karnataka
472,Neha,Sharma,Gujarat
473,Rohit,Patel,Kerala
474,Anjali,Verma,Telangana
475,Vikram,Joshi,Delhi
476,Vikram,Yadav,Gujarat
477,Anjali,Verma,Karnataka
478,Rohit,Joshi,Karnataka
479,Arjun,Singh,Karnataka
480,Neha,Patel,Bihar
481,Neha,Mehta,Uttar Pradesh
482,Rohit,Yadav,Karnataka
483,Rahul,Verma,Maharashtra
484,Sneha,Mehta,Gujarat
485,Arjun,Patel,Telangana
486,Arjun,Patel,Gujarat
487,Pooja,Joshi,Gujarat
488,Anjali,Nair,Gujarat
489,Rohit,Patel,Telangana
490,Pooja,Mehta,Delhi
491,Amit,Singh,Kerala
492,Sneha,Reddy,Uttar Pradesh
493,Anjali,Kapoor,Karnataka
494,Kavya,Sharma,Uttar Pradesh
495,Rohit,Nair,Bihar
496,Vikram,Joshi,Karnataka
497,Sneha,Verma,Gujarat
498,Anjali,Reddy,Gujarat
499,Sneha,Kapoor,Bihar
500,Sneha,Reddy,Bihar
501,Rahul,Verma,Maharashtra
502,Rohit,Yadav,Telangana
503,Amit,Nair,Kerala
504,Arjun,Kapoor,Bihar
505,Anjali,Joshi,Maharashtra
506,Pooja,Mehta,Telangana
507,Rahul,Nair,Telangana
508,Arjun,Yadav,Gujarat
509,Arjun,Sharma,Gujarat
510,Pooja,Mehta,Uttar Pradesh
511,Vikram,Nair,Telangana
512,Anjali,Singh,Karnataka
513,Kavya,Mehta,Karnataka
514,Pooja,Sharma,Delhi
515,Arjun,Singh,Maharashtra
516,Sneha,Reddy,Kerala
517,Pooja,Kapoor,Karnataka
518,Rahul,Sharma,Gujarat
519,Arjun,Singh,Telangana
520,Sneha,Yadav,Uttar Pradesh
521,Vikram,Kapoor,Kerala
522,Rahul,Verma,Bihar
523,Sneha,Yadav,Bihar
524,Neha,Nair,Maharashtra
525,Vikram,Nair,Delhi
526,Vikram,Sharma,Karnataka
527,Amit,Verma,Delhi
528,Pooja,Nair,Gujarat
529,Vikram,Mehta,Kerala
530,Arjun,Singh,Kerala
531,Kavya,Mehta,Telangana
532,Rohit,Singh,Telangana
533,Amit,Joshi,Uttar Pradesh
534,Pooja,Singh,Karnataka
535,Vikram,Kapoor,Maharashtra
536,Neha,Verma,Maharashtra
537,Vikram,Verma,Maharashtra
538,Amit,Patel,Telangana
539,Sneha,Yadav,Karnataka
540,Arjun,Joshi,Kerala
541,Anjali,Verma,Maharashtra
542,Anjali,Yadav,Gujarat
543,Amit,Kapoor,Gujarat
544,Sneha,Patel,Delhi
545,Kavya,Singh,Maharashtra
546,Vikram,Verma,Maharashtra
547,Vikram,Singh,Maharashtra
548,Pooja,Nair,Telangana
549,Neha,Reddy,Bihar
550,Vikram,Patel,Uttar Pradesh
551,Neha,Patel,Kerala
552,Pooja,Mehta,Karnataka
553,Neha,Nair,Telangana
554,Sneha,Mehta,Telangana
555,Sneha,Verma,Delhi
556,Pooja,Yadav,Uttar Pradesh
557,Rohit,Patel,Maharashtra
558,Neha,Sharma,Kerala
559,Vikram,Reddy,Delhi
560,Vikram,Sharma,Kerala
561,Rohit,Sharma,Bihar
562,Rahul,Singh,Kerala
563,Rahul,Yadav,Uttar Pradesh
564,Pooja,Patel,Kerala
565,Arjun,Joshi,Bihar
566,Anjali,Kapoor,Delhi
567,Rahul,Sharma,Gujarat
568,Neha,Yadav,Uttar Pradesh
569,Vikram,Mehta,Maharashtra
570,Pooja,Mehta,Delhi
571,Pooja,Sharma,Bihar
572,Rahul,Kapoor,Gujarat
573,Amit,Kapoor,Telangana
574,Pooja,Joshi,Karnataka
575,Pooja,Joshi,Karnataka
576,Arjun,Mehta,Delhi
577,Anjali,Singh,Maharashtra
578,Sneha,Mehta,Kerala
579,Vikram,Verma,Karnataka
580,Anjali,Nair,Telangana
581,Amit,Verma,Uttar Pradesh
582,Arjun,Singh,Bihar
583,Rahul,Sharma,Uttar Pradesh
584,Rahul,Reddy,Kerala
585,Kavya,Reddy,Maharashtra
586,Rahul,Sharma,Karnataka
587,Rahul,Verma,Delhi
588,Rohit,Verma,Gujarat
589,Rohit,Kapoor,Delhi
590,Neha,Mehta,Delhi
591,Sneha,Reddy,Telangana
592,Kavya,Sharma,Maharashtra
593,Arjun,Mehta,Telangana
594,Sneha,Mehta,Delhi
595,Pooja,Yadav,Kerala
596,Amit,Joshi,Uttar Pradesh
597,Anjali,Patel,Delhi
598,Rohit,Verma,Karnataka
599,Rahul,Mehta,Telangana
600,Kavya,Kapoor,Gujarat
601,Vikram,Yadav,Bihar
602,Vikram,Reddy,Delhi
603,Sneha,Joshi,Bihar
604,Vikram,Singh,Gujarat
605,Sneha,Kapoor,Uttar Pradesh
606,Neha,Joshi,Uttar Pradesh
607,Amit,Yadav,Uttar Pradesh
608,Arjun,Reddy,Delhi
609,Rohit,Joshi,Telangana
610,Vikram,Singh,Gujarat
611,Anjali,Sharma,Uttar Pradesh
612,Sneha,Nair,Gujarat
613,Kavya,Mehta,Gujarat
614,Vikram,Joshi,Kerala
615,Arjun,Verma,Delhi
616,Rahul,Mehta,Karnataka
617,Pooja,Verma,Delhi
618,Rahul,Singh,Gujarat
619,Vikram,Nair,Bihar
620,Arjun,Yadav,Gujarat
621,Neha,Patel,Maharashtra
622,Kavya,Patel,Uttar Pradesh
623,Pooja,Sharma,Kerala
624,Rahul,Kapoor,Karnataka
625,Neha,Reddy,Kerala
626,Arjun,Singh,Karnataka
627,Arjun,Joshi,Uttar Pradesh
628,Arjun,Verma,Uttar Pradesh
629,Arjun,Joshi,Maharashtra
630,Rahul,Nair,Maharashtra
631,Pooja,Verma,Karnataka
632,Sneha,Singh,Bihar
633,Pooja,Nair,Delhi
634,Pooja,Mehta,Telangana
635,Sneha,Nair,Telangana
636,Neha,Joshi,Karnataka
637,Kavya,Yadav,Kerala
638,Rohit,Nair,Uttar Pradesh
639,Kavya,Joshi,Delhi
640,Neha,Kapoor,Telangana
641,Rohit,Verma,Maharashtra
642,Pooja,Patel,Gujarat
643,Sneha,Patel,Kerala
644,Kavya,Mehta,Delhi
645,Anjali,Verma,Telangana
646,Rahul,Kapoor,Uttar Pradesh
647,Sneha,Joshi,Telangana
648,Sneha,Singh,Karnataka
649,Neha,Yadav,Bihar
650,Neha,Kapoor,Telangana
651,Vikram,Singh,Maharashtra
652,Amit,Joshi,Uttar Pradesh
653,Rohit,Singh,Maharashtra
654,Vikram,Nair,Gujarat
655,Rahul,Kapoor,Telangana
656,Amit,Patel,Maharashtra
657,Sneha,Patel,Karnataka
658,Arjun,Kapoor,Karnataka
659,Neha,Nair,Uttar Pradesh
660,Neha,Mehta,Gujarat
661,Arjun,Reddy,Gujarat
662,Pooja,Yadav,Gujarat
663,Neha,Nair,Gujarat
664,Sneha,Kapoor,Telangana
665,Anjali,Yadav,Bihar
666,Vikram,Nair,Kerala
667,Pooja,Singh,Kerala
668,Anjali,Nair,Bihar
669,Rohit,Nair,Gujarat
670,Sneha,Reddy,Gujarat
671,Sneha,Verma,Delhi
672,Kavya,Mehta,Bihar
673,Rahul,Singh,Uttar Pradesh
674,Kavya,Nair,Gujarat
675,Rohit,Yadav,Delhi
676,Amit,Sharma,Telangana
677,Rahul,Nair,Karnataka
678,Neha,Yadav,Delhi
679,Arjun,Nair,Maharashtra
680,Pooja,Kapoor,Karnataka
681,Anjali,Singh,Uttar Pradesh
682,Amit,Sharma,Gujarat
683,Vikram,Mehta,Bihar
684,Neha,Mehta,Maharashtra
685,Kavya,Sharma,Maharashtra
686,Neha,Singh,Uttar Pradesh
687,Pooja,Reddy,Delhi
688,Neha,Kapoor,Delhi
689,Neha,Mehta,Delhi
690,Vikram,Sharma,Telangana
691,Anjali,Yadav,Telangana
692,Rahul,Mehta,Bihar
693,Anjali,Mehta,Delhi
694,Pooja,Patel,Telangana
695,Kavya,Nair,Telangana
696,Kavya,Reddy,Maharashtra
697,Rohit,Sharma,Maharashtra
698,Sneha,Yadav,Karnataka
699,Amit,Reddy,Kerala
700,Amit,Nair,Kerala
701,Vikram,Patel,Delhi
702,Sneha,Reddy,Karnataka
703,Rohit,Yadav,Uttar Pradesh
704,Amit,Joshi,Kerala
705,Rohit,Sharma,Gujarat
706,Rohit,Singh,Maharashtra
707,Sneha,Sharma,Bihar
708,Vikram,Singh,Telangana
709,Amit,Mehta,Uttar Pradesh
710,Pooja,Sharma,Kerala
711,Sneha,Sharma,Bihar
712,Amit,Verma,Kerala
713,Pooja,Kapoor,Kerala
714,Pooja,Singh,Kerala
715,Sneha,Joshi,Uttar Pradesh
716,Kavya,Kapoor,Uttar Pradesh
717,Sneha,Verma,Uttar Pradesh
718,Anjali,Nair,Maharashtra
719,Anjali,Sharma,Uttar Pradesh
720,Arjun,Sharma,Kerala
721,Vikram,Singh,Bihar
722,Anjali,Sharma,Maharashtra
723,Neha,Reddy,Karnataka
724,Sneha,Singh,Telangana
725,Kavya,Singh,Telangana
726,Pooja,Yadav,Karnataka
727,Rahul,Joshi,Maharashtra
728,Neha,Reddy,Telangana
729,Rahul,Patel,Karnataka
730,Amit,Sharma,Bihar
731,Vikram,Mehta,Maharashtra
732,Arjun,Nair,Telangana
733,Anjali,Joshi,Karnataka
734,Rohit,Singh,Bihar
735,Anjali,Verma,Karnataka
736,Pooja,Singh,Gujarat
737,Vikram,Reddy,Gujarat
738,Anjali,Patel,Telangana
739,Arjun,Sharma,Gujarat
740,Amit,Joshi,Gujarat
741,Kavya,Reddy,Delhi
742,Pooja,Patel,Telangana
743,Vikram,Reddy,Delhi
744,Kavya,Patel,Kerala
745,Pooja,Sharma,Delhi
746,Pooja,Yadav,Kerala
747,Pooja,Nair,Uttar Pradesh
748,Sneha,Sharma,Karnataka
749,Rohit,Reddy,Gujarat
750,Arjun,Sharma,Telangana
751,Rohit,Reddy,Uttar Pradesh
752,Sneha,Kapoor,Kerala
753,Rohit,Kapoor,Telangana
754,Rohit,Mehta,Uttar Pradesh
755,Sneha,Sharma,Uttar Pradesh
756,Anjali,Nair,Karnataka
757,Arjun,Reddy,Uttar Pradesh
758,Amit,Sharma,Bihar
759,Rahul,Kapoor,Gujarat
760,Pooja,Reddy,Telangana
761,Rohit,Yadav,Delhi
762,Sneha,Kapoor,Kerala
763,Kavya,Singh,Bihar
764,Arjun,Reddy,Kerala
765,Anjali,Mehta,Telangana
766,Neha,Mehta,Kerala
767,Amit,Reddy,Telangana
768,Sneha,Verma,Uttar Pradesh
769,Pooja,Nair,Delhi
770,Rohit,Sharma,Maharashtra
771,Kavya,Nair,Karnataka
772,Pooja,Joshi,Kerala
773,Neha,Joshi,Bihar
774,Kavya,Sharma,Delhi
775,Rohit,Verma,Uttar Pradesh
776,Amit,Joshi,Kerala
777,Kavya,Yadav,Uttar Pradesh
778,Neha,Kapoor,Gujarat
779,Neha,Reddy,Bihar
780,Kavya,Mehta,Karnataka
781,Arjun,Mehta,Delhi
782,Neha,Yadav,Gujarat
783,Kavya,Yadav,Karnataka
784,Neha,Yadav,Uttar Pradesh
785,Kavya,Mehta,Telangana
786,Pooja,Sharma,Gujarat
787,Rohit,Sharma,Delhi
788,Vikram,Joshi,Uttar Pradesh
789,Rohit,Sharma,Delhi
790,Arjun,Reddy,Telangana
791,Rahul,Kapoor,Bihar
792,Rahul,Nair,Gujarat
793,Pooja,Nair,Bihar
794,Amit,Patel,Kerala
795,Amit,Joshi,Kerala
796,Amit,Mehta,Karnataka
797,Rohit,Patel,Telangana
798,Arjun,Verma,Delhi
799,Rohit,Mehta,Telangana
800,Anjali,Verma,Maharashtra
801,Neha,Joshi,Uttar Pradesh
802,Anjali,Sharma,Delhi
803,Arjun,Kapoor,Kerala
804,Arjun,Verma,Delhi
805,Sneha,Mehta,Bihar
806,Pooja,Kapoor,Kerala
807,Rohit,Mehta,Maharashtra
808,Pooja,Patel,Maharashtra
809,Rohit,Singh,Kerala
810,Vikram,Mehta,Uttar Pradesh
811,Rahul,Patel,Gujarat
812,Vikram,Sharma,Telangana
813,Rohit,Mehta,Maharashtra
814,Neha,Joshi,Telangana
815,Amit,Verma,Telangana
816,Neha,Singh,Bihar
817,Vikram,Verma,Gujarat
818,Vikram,Verma,Maharashtra
819,Arjun,Yadav,Telangana
820,Pooja,Sharma,Telangana
821,Amit,Nair,Uttar Pradesh
822,Vikram,Kapoor,Karnataka
823,Pooja,Reddy,Kerala
824,Neha,Joshi,Kerala
825,Anjali,Joshi,Delhi
826,Rohit,Sharma,Karnataka
827,Pooja,Yadav,Karnataka
828,Anjali,Reddy,Maharashtra
829,Anjali,Kapoor,Kerala
830,Pooja,Yadav,Maharashtra
831,Sneha,Sharma,Maharashtra
832,Amit,Singh,Maharashtra
833,Amit,Mehta,Kerala
834,Arjun,Kapoor,Maharashtra
835,Arjun,Kapoor,Bihar
836,Rohit,Nair,Bihar
837,Vikram,Patel,Kerala
838,Anjali,Reddy,Uttar Pradesh
839,Arjun,Mehta,Telangana
840,Pooja,Nair,Uttar Pradesh
841,Amit,Reddy,Karnataka
842,Anjali,Yadav,Gujarat
843,Kavya,Verma,Gujarat
844,Arjun,Singh,Telangana
845,Rohit,Patel,Telangana
846,Rohit,Nair,Kerala
847,Anjali,Reddy,Gujarat
848,Neha,Mehta,Uttar Pradesh
849,Pooja,Singh,Delhi
850,Neha,Patel,Kerala
851,Anjali,Joshi,Karnataka
852,Rohit,Reddy,Telangana
853,Arjun,Yadav,Telangana
854,Pooja,Patel,Karnataka
855,Anjali,Patel,Kerala
856,Neha,Nair,Telangana
857,Anjali,Yadav,Telangana
858,Rohit,Singh,Uttar Pradesh
859,Arjun,Joshi,Maharashtra
860,Anjali,Verma,Karnataka
861,Arjun,Verma,Uttar Pradesh
862,Rohit,Singh,Delhi
863,Pooja,Mehta,Gujarat
864,Rohit,Nair,Maharashtra
865,Rahul,Kapoor,Bihar
866,Vikram,Joshi,Delhi
867,Pooja,Kapoor,Delhi
868,Vikram,Sharma,Gujarat
869,Sneha,Reddy,Telangana
870,Kavya,Singh,Bihar
871,Amit,Nair,Bihar
872,Amit,Nair,Uttar Pradesh
873,Amit,Mehta,Kerala
874,Anjali,Sharma,Bihar
875,Pooja,Yadav,Delhi
876,Amit,Joshi,Karnataka
877,Vikram,Nair,Uttar Pradesh
878,Sneha,Nair,Karnataka
879,Arjun,Kapoor,Maharashtra
880,Rahul,Mehta,Bihar
881,Pooja,Nair,Delhi
882,Sneha,Joshi,Maharashtra
883,Anjali,Mehta,Bihar
884,Rahul,Yadav,Delhi
885,Sneha,Reddy,Gujarat
886,Sneha,Yadav,Kerala
887,Rahul,Patel,Kerala
888,Anjali,Sharma,Uttar Pradesh
889,Amit,Kapoor,Gujarat
890,Rohit,Kapoor,Uttar Pradesh
891,Rohit,Nair,Karnataka
892,Vikram,Sharma,Delhi
893,Pooja,Joshi,Kerala
894,Sneha,Yadav,Kerala
895,Sneha,Patel,Delhi
896,Vikram,Joshi,Maharashtra
897,Amit,Kapoor,Kerala
898,Arjun,Kapoor,Telangana
899,Arjun,Mehta,Karnataka
